card_number,id,name,email
1835218847,res_partner_laura,Laura Stout Williams,laura.stout@outlook.com
5683887266,res_partner_marilyn,Marilyn Davies Wright,marilyn.davies@gmail.com
4039517824,res_partner_perry,Perry Munoz Smith,perry.munoz@outlook.com
3669035064,res_partner_louis,Louis Garcia Chandler,louis.garcia@gmail.com
5499179648,res_partner_michael,Michael Burns Williams,michael.burns@gmail.com
5987342465,res_partner_robert,Robert Gross Allen,robert.gross@outlook.com
5694381201,res_partner_steven,Steven Graves Boyd,steven.graves@outlook.com
2607078742,res_partner_jacqueline,Jacqueline Moon Davidson,jacqueline.moon@gmail.com
9295442271,res_partner_alan,Alan Dominguez Stewart,alan.dominguez@gmail.com
5589803822,res_partner_christopher,Christopher Soto Hernandez,christopher.soto@gmail.com
8345856813,res_partner_andrew,Andrew Hill King,andrew.hill@gmail.com
4950832327,res_partner_michelle,Michelle Olsen Graham,michelle.olsen@gmail.com
7388345601,res_partner_joseph,Joseph Ramirez Strickland,joseph.ramirez@outlook.com
4328962032,res_partner_cynthia,Cynthia Warren Allen,cynthia.warren@outlook.com
2957029968,res_partner_michael,Michael Shepherd Smith,michael.shepherd@outlook.com
7373556180,res_partner_ariel,Ariel Jensen Beltran,ariel.jensen@gmail.com
2837878569,res_partner_amy,Amy Singh Perez,amy.singh@outlook.com
1303027220,res_partner_holly,Holly Brennan Patterson,holly.brennan@gmail.com
8977957210,res_partner_laura,Laura Reed Fritz,laura.reed@gmail.com
2742825920,res_partner_cynthia,Cynthia Sullivan Beard,cynthia.sullivan@outlook.com
1342564431,res_partner_brian,Brian Stewart Stevens,brian.stewart@outlook.com
9132116039,res_partner_leonard,Leonard Hood Turner,leonard.hood@outlook.com
8951629450,res_partner_carrie,Carrie Castillo Johnson,carrie.castillo@outlook.com
3450687958,res_partner_chad,Chad Perry Brandt,chad.perry@gmail.com
3801881501,res_partner_beth,Beth Davis Clay,beth.davis@outlook.com
2688518182,res_partner_angela,Angela Maddox Hill,angela.maddox@gmail.com
4925116715,res_partner_heather,Heather Payne Davenport,heather.payne@gmail.com
8162519876,res_partner_victoria,Victoria Bell Peterson,victoria.bell@gmail.com
2470103018,res_partner_steven,Steven Price Moss,steven.price@gmail.com
1760103948,res_partner_christine,Christine Jones Joseph,christine.jones@outlook.com
3697808630,res_partner_christine,Christine Mullen Jordan,christine.mullen@gmail.com
6396206357,res_partner_ruth,Ruth Williams Campbell,ruth.williams@outlook.com
1043520199,res_partner_stephanie,Stephanie Gonzales Lam,stephanie.gonzales@gmail.com
3734007638,res_partner_lindsey,Lindsey Sanders Hernandez,lindsey.sanders@gmail.com
6619960654,res_partner_timothy,Timothy Williams Saunders,timothy.williams@outlook.com
7322959832,res_partner_dorothy,Dorothy Gordon Hester,dorothy.gordon@outlook.com
3127720505,res_partner_joyce,Joyce Miller Lamb,joyce.miller@gmail.com
8271699922,res_partner_karina,Karina Hogan Norris,karina.hogan@outlook.com
2910277511,res_partner_frank,Frank Ayers Marshall,frank.ayers@outlook.com
9726684006,res_partner_caitlin,Caitlin Gray Byrd,caitlin.gray@outlook.com
7466036303,res_partner_isabella,Isabella Cobb Smith,isabella.cobb@outlook.com
2358514697,res_partner_jonathan,Jonathan Chase Hill,jonathan.chase@gmail.com
8901762604,res_partner_paula,Paula Delacruz Turner,paula.delacruz@gmail.com
8321835237,res_partner_drew,Drew Dominguez Davis,drew.dominguez@outlook.com
4183900136,res_partner_robert,Robert Butler Bryant,robert.butler@outlook.com
5014426001,res_partner_allison,Allison Myers Bentley,allison.myers@gmail.com
8227570660,res_partner_richard,Richard King Cruz,richard.king@outlook.com
3684400193,res_partner_lisa,Lisa Flores Romero,lisa.flores@outlook.com
6828512626,res_partner_oscar,Oscar Pitts Sanchez,oscar.pitts@gmail.com
6499319765,res_partner_allison,Allison Ramirez Ayers,allison.ramirez@outlook.com
1885657502,res_partner_david,David Hale Manning,david.hale@gmail.com
4443585135,res_partner_tracy,Tracy Gibbs Crawford,tracy.gibbs@gmail.com
7293910539,res_partner_james,James Blanchard Lawson,james.blanchard@outlook.com
5824009819,res_partner_haley,Haley Baker Bruce,haley.baker@gmail.com
9827952982,res_partner_timothy,Timothy Daniels Ramos,timothy.daniels@outlook.com
2874723604,res_partner_linda,Linda Smith Johnson,linda.smith@outlook.com
5852247045,res_partner_walter,Walter Davis Thompson,walter.davis@gmail.com
6120115563,res_partner_mary,Mary Booth Wallace,mary.booth@gmail.com
7634071803,res_partner_jason,Jason Pierce Schaefer,jason.pierce@gmail.com
3337826224,res_partner_lisa,Lisa Brown Guzman,lisa.brown@gmail.com
3576864074,res_partner_angela,Angela Boyd Williams,angela.boyd@outlook.com
4686167812,res_partner_erin,Erin Vaughan Lloyd,erin.vaughan@gmail.com
7517334271,res_partner_michael,Michael Roman Johnson,michael.roman@outlook.com
8968825045,res_partner_bryan,Bryan Mata Bailey,bryan.mata@outlook.com
8986200152,res_partner_charles,Charles Baker Morris,charles.baker@outlook.com
3888251493,res_partner_marco,Marco Smith Hanson,marco.smith@gmail.com
4587379339,res_partner_taylor,Taylor Vasquez Ruiz,taylor.vasquez@gmail.com
9129096245,res_partner_rachel,Rachel Nichols Turner,rachel.nichols@outlook.com
6272014964,res_partner_thomas,Thomas Salas Thomas,thomas.salas@outlook.com
7876990832,res_partner_cameron,Cameron Mcbride Hunter,cameron.mcbride@gmail.com
5551286639,res_partner_tiffany,Tiffany Rivera Jacobs,tiffany.rivera@gmail.com
4899672578,res_partner_robert,Robert Meyer Thompson,robert.meyer@gmail.com
7872870792,res_partner_adam,Adam Hammond Ross,adam.hammond@gmail.com
9888112507,res_partner_chad,Chad Branch Crosby,chad.branch@outlook.com
8365785159,res_partner_elaine,Elaine Dudley Scott,elaine.dudley@outlook.com
4481238656,res_partner_cynthia,Cynthia Ramirez Valentine,cynthia.ramirez@gmail.com
6848267760,res_partner_stephanie,Stephanie Warner Davis,stephanie.warner@outlook.com
8063062843,res_partner_dawn,Dawn Ford Boyd,dawn.ford@gmail.com
6654080431,res_partner_justin,Justin Collier King,justin.collier@gmail.com
3445519873,res_partner_mary,Mary Jennings Zuniga,mary.jennings@gmail.com
8044526177,res_partner_william,William Daniels Harris,william.daniels@outlook.com
6750334396,res_partner_christopher,Christopher Allen Hunt,christopher.allen@outlook.com
1312718514,res_partner_bobby,Bobby Wood Gonzalez,bobby.wood@gmail.com
4187407354,res_partner_nichole,Nichole Weber Sutton,nichole.weber@gmail.com
2501228377,res_partner_dawn,Dawn Bryant Martinez,dawn.bryant@gmail.com
5209780042,res_partner_helen,Helen Lopez Johnson,helen.lopez@gmail.com
3943336804,res_partner_holly,Holly Andrews Jennings,holly.andrews@outlook.com
7759455269,res_partner_christopher,Christopher Carter Strong,christopher.carter@gmail.com
8374976325,res_partner_yvette,Yvette Coleman Lawson,yvette.coleman@gmail.com
8346355023,res_partner_savannah,Savannah Rios Phillips,savannah.rios@gmail.com
8412456699,res_partner_anna,Anna Mosley Lee,anna.mosley@outlook.com
5660613083,res_partner_michael,Michael Mann Smith,michael.mann@gmail.com
7993892792,res_partner_bradley,Bradley Ruiz Malone,bradley.ruiz@gmail.com
2610073003,res_partner_andrew,Andrew Meyers Aguirre,andrew.meyers@outlook.com
6295611754,res_partner_regina,Regina Mcintosh Skinner,regina.mcintosh@outlook.com
3197297376,res_partner_jesus,Jesus Swanson Strickland,jesus.swanson@gmail.com
7127666853,res_partner_bruce,Bruce Richardson Young,bruce.richardson@gmail.com
6680859543,res_partner_katrina,Katrina Blankenship Cruz,katrina.blankenship@gmail.com
6947058626,res_partner_cameron,Cameron Gomez Bell,cameron.gomez@outlook.com
3761364112,res_partner_rebecca,Rebecca Chapman Lucero,rebecca.chapman@gmail.com
5683872196,res_partner_kara,Kara Anderson Donovan,kara.anderson@outlook.com
5330161347,res_partner_cameron,Cameron Martinez Davila,cameron.martinez@outlook.com
3654204446,res_partner_annette,Annette Velez Lewis,annette.velez@gmail.com
5305310118,res_partner_tracy,Tracy Whitney Jackson,tracy.whitney@gmail.com
1840227508,res_partner_brian,Brian Reyes Meyers,brian.reyes@outlook.com
2345049029,res_partner_andrea,Andrea Pearson Hernandez,andrea.pearson@outlook.com
1709211703,res_partner_andrew,Andrew Douglas Jackson,andrew.douglas@gmail.com
3060949534,res_partner_robert,Robert Jones Huffman,robert.jones@outlook.com
7802833082,res_partner_william,William Schroeder Martinez,william.schroeder@outlook.com
2458517285,res_partner_vanessa,Vanessa Wood Barber,vanessa.wood@outlook.com
9566897380,res_partner_david,David Thomas Vazquez,david.thomas@outlook.com
7023411220,res_partner_allen,Allen Bryant Dominguez,allen.bryant@outlook.com
7408190003,res_partner_matthew,Matthew Taylor Cunningham,matthew.taylor@outlook.com
3170402842,res_partner_madison,Madison Moreno Perkins,madison.moreno@gmail.com
6361301294,res_partner_seth,Seth Morgan Frye,seth.morgan@outlook.com
6574271431,res_partner_heather,Heather Carson Wilkins,heather.carson@gmail.com
3570998107,res_partner_cory,Cory Leblanc Diaz,cory.leblanc@gmail.com
1351314333,res_partner_nichole,Nichole Lopez Salinas,nichole.lopez@gmail.com
1736815525,res_partner_joseph,Joseph Thompson Watkins,joseph.thompson@gmail.com
4088345766,res_partner_meagan,Meagan Stephenson Smith,meagan.stephenson@gmail.com
3835988078,res_partner_whitney,Whitney Patton Harris,whitney.patton@outlook.com
3042271247,res_partner_amanda,Amanda Moore Carter,amanda.moore@gmail.com
9309702503,res_partner_james,James Coffey Robinson,james.coffey@gmail.com
7232659987,res_partner_austin,Austin Martinez Warren,austin.martinez@outlook.com
4337123715,res_partner_derrick,Derrick Norton Gordon,derrick.norton@outlook.com
7695743264,res_partner_bradley,Bradley Luna Hudson,bradley.luna@gmail.com
8851688734,res_partner_tanya,Tanya Johnson Nguyen,tanya.johnson@gmail.com
8169094242,res_partner_alyssa,Alyssa Frederick Bennett,alyssa.frederick@outlook.com
2870725995,res_partner_kelly,Kelly Garcia Keller,kelly.garcia@outlook.com
1016023841,res_partner_ryan,Ryan Perez Turner,ryan.perez@outlook.com
3170496002,res_partner_jennifer,Jennifer Beard Young,jennifer.beard@gmail.com
7845501944,res_partner_judith,Judith Mckay Stark,judith.mckay@outlook.com
5146858063,res_partner_jacob,Jacob Boone Roberts,jacob.boone@gmail.com
9555915072,res_partner_howard,Howard Thomas Smith,howard.thomas@outlook.com
9349400863,res_partner_kevin,Kevin Hughes Ali,kevin.hughes@gmail.com
9341835802,res_partner_laura,Laura Ortiz James,laura.ortiz@gmail.com
3214589986,res_partner_jerry,Jerry Morgan Ramirez,jerry.morgan@outlook.com
8147057855,res_partner_thomas,Thomas Smith Cameron,thomas.smith@gmail.com
4512531242,res_partner_amanda,Amanda Bryant Johnson,amanda.bryant@outlook.com
8459979204,res_partner_joseph,Joseph Riggs Clark,joseph.riggs@gmail.com
2949004938,res_partner_ryan,Ryan Bonilla Doyle,ryan.bonilla@outlook.com
2234416277,res_partner_kathryn,Kathryn Singh Carter,kathryn.singh@gmail.com
1385912178,res_partner_robert,Robert Walters Reynolds,robert.walters@outlook.com
2631432152,res_partner_stacey,Stacey Silva Mcintosh,stacey.silva@outlook.com
5218833458,res_partner_shannon,Shannon Pratt Blackwell,shannon.pratt@outlook.com
3239078071,res_partner_sean,Sean Holland Horton,sean.holland@gmail.com
5017185914,res_partner_brianna,Brianna Barker Barnett,brianna.barker@gmail.com
1419849111,res_partner_brett,Brett Lee Barnett,brett.lee@gmail.com
1219081930,res_partner_joseph,Joseph Rasmussen Johnson,joseph.rasmussen@outlook.com
2006098849,res_partner_chad,Chad Gutierrez Morgan,chad.gutierrez@outlook.com
9870114846,res_partner_jose,Jose Edwards Mills,jose.edwards@outlook.com
2720323731,res_partner_jay,Jay Phillips Brown,jay.phillips@gmail.com
5101033872,res_partner_kimberly,Kimberly Marquez Jones,kimberly.marquez@outlook.com
7492113067,res_partner_heather,Heather Donovan Harris,heather.donovan@outlook.com
9480686015,res_partner_robert,Robert Wilson Rodriguez,robert.wilson@gmail.com
4464538300,res_partner_justin,Justin Dennis Harper,justin.dennis@outlook.com
2084187127,res_partner_eddie,Eddie Bolton Gomez,eddie.bolton@gmail.com
4063309673,res_partner_timothy,Timothy Thompson Mclean,timothy.thompson@gmail.com
4868541210,res_partner_theresa,Theresa Hamilton Blair,theresa.hamilton@gmail.com
3031056036,res_partner_james,James Sanders Moreno,james.sanders@outlook.com
7597282767,res_partner_alexandria,Alexandria Thomas Hood,alexandria.thomas@outlook.com
6346052547,res_partner_matthew,Matthew Baldwin Gutierrez,matthew.baldwin@gmail.com
4391452299,res_partner_scott,Scott Buchanan Mclaughlin,scott.buchanan@outlook.com
5616997196,res_partner_debra,Debra Lowery Pruitt,debra.lowery@outlook.com
4305814107,res_partner_jennifer,Jennifer Smith Salazar,jennifer.smith@outlook.com
1505156339,res_partner_tyrone,Tyrone Johnson Day,tyrone.johnson@gmail.com
8674828193,res_partner_pamela,Pamela Barber Benson,pamela.barber@outlook.com
7264817227,res_partner_john,John Patterson Smith,john.patterson@gmail.com
4559500118,res_partner_sydney,Sydney Andrews Cruz,sydney.andrews@gmail.com
1448878431,res_partner_stephanie,Stephanie Gomez Moreno,stephanie.gomez@gmail.com
8113678023,res_partner_christopher,Christopher Osborne Walker,christopher.osborne@outlook.com
9878073974,res_partner_kenneth,Kenneth Wright Allen,kenneth.wright@outlook.com
7046386395,res_partner_jay,Jay Thomas Young,jay.thomas@gmail.com
4536413059,res_partner_timothy,Timothy Rogers Bell,timothy.rogers@gmail.com
3860100078,res_partner_keith,Keith Garcia Cook,keith.garcia@outlook.com
7928215772,res_partner_jackie,Jackie Mcmahon Brown,jackie.mcmahon@outlook.com
4591370052,res_partner_david,David Roberts Hernandez,david.roberts@gmail.com
5904961546,res_partner_lauren,Lauren Ramirez Smith,lauren.ramirez@gmail.com
6285946066,res_partner_michael,Michael Peterson Warren,michael.peterson@outlook.com
3235763656,res_partner_amanda,Amanda Massey Lloyd,amanda.massey@gmail.com
7811835914,res_partner_brandon,Brandon Webb Ochoa,brandon.webb@gmail.com
7101499288,res_partner_cassandra,Cassandra Bush Hicks,cassandra.bush@gmail.com
1290707826,res_partner_gregory,Gregory Weiss Golden,gregory.weiss@outlook.com
6668011038,res_partner_diane,Diane Flores Hayes,diane.flores@gmail.com
3197267549,res_partner_patrick,Patrick Kim Lambert,patrick.kim@outlook.com
5807948685,res_partner_steven,Steven Richardson Pena,steven.richardson@outlook.com
8514928431,res_partner_christina,Christina Kennedy Schmidt,christina.kennedy@gmail.com
4588481185,res_partner_patricia,Patricia Fisher Calderon,patricia.fisher@gmail.com
4669146210,res_partner_dillon,Dillon Smith Hoffman,dillon.smith@outlook.com
4693159737,res_partner_diane,Diane Parker Johnson,diane.parker@gmail.com
8027033387,res_partner_james,James Levy Rodriguez,james.levy@outlook.com
7751899781,res_partner_bradley,Bradley Rogers Moore,bradley.rogers@gmail.com
7048240199,res_partner_carl,Carl Hart Marquez,carl.hart@gmail.com
7465572619,res_partner_joshua,Joshua Summers Pena,joshua.summers@gmail.com
5320868043,res_partner_richard,Richard Smith Cabrera,richard.smith@outlook.com
5852163327,res_partner_erik,Erik Castillo Manning,erik.castillo@outlook.com
5106447018,res_partner_mario,Mario Lewis Miranda,mario.lewis@gmail.com
4414955411,res_partner_kimberly,Kimberly Davis Carroll,kimberly.davis@gmail.com
8924481472,res_partner_linda,Linda Madden Mcclure,linda.madden@gmail.com
6573965132,res_partner_jennifer,Jennifer Lewis Johns,jennifer.lewis@gmail.com
2444286212,res_partner_emily,Emily Johnson Osborne,emily.johnson@gmail.com
1390829464,res_partner_benjamin,Benjamin Coleman Flynn,benjamin.coleman@outlook.com
6722975353,res_partner_elizabeth,Elizabeth Jennings Higgins,elizabeth.jennings@gmail.com
6047175140,res_partner_melissa,Melissa Frederick Turner,melissa.frederick@outlook.com
7186918374,res_partner_catherine,Catherine Chang Kelley,catherine.chang@gmail.com
9939813947,res_partner_brett,Brett Riley Evans,brett.riley@outlook.com
4024977668,res_partner_susan,Susan Jones Casey,susan.jones@gmail.com
3442156432,res_partner_julia,Julia Wall Elliott,julia.wall@gmail.com
5521020891,res_partner_teresa,Teresa Bryant Andrade,teresa.bryant@gmail.com
1703961841,res_partner_deanna,Deanna Campbell Mcmillan,deanna.campbell@gmail.com
4977032147,res_partner_steven,Steven Hernandez Nguyen,steven.hernandez@outlook.com
8708044436,res_partner_alicia,Alicia Mcmillan Day,alicia.mcmillan@outlook.com
9074986217,res_partner_brittany,Brittany Flynn Fox,brittany.flynn@gmail.com
4715024217,res_partner_joshua,Joshua Avery Allen,joshua.avery@gmail.com
7813632533,res_partner_kimberly,Kimberly Wu Frye,kimberly.wu@outlook.com
1753161581,res_partner_shawn,Shawn Bryant Quinn,shawn.bryant@outlook.com
2100657914,res_partner_vincent,Vincent Branch Walker,vincent.branch@outlook.com
2799558477,res_partner_terri,Terri Pearson Jennings,terri.pearson@outlook.com
5062034793,res_partner_derek,Derek Collins Cannon,derek.collins@gmail.com
9888543373,res_partner_blake,Blake Kirk Clark,blake.kirk@outlook.com
2968383763,res_partner_riley,Riley Patterson Cameron,riley.patterson@gmail.com
5453984293,res_partner_angela,Angela Perez Key,angela.perez@gmail.com
5955446539,res_partner_stacy,Stacy Hayes Scott,stacy.hayes@outlook.com
6455262717,res_partner_susan,Susan Williams White,susan.williams@outlook.com
6218815774,res_partner_christopher,Christopher Sanchez Butler,christopher.sanchez@gmail.com
6106241788,res_partner_mikayla,Mikayla Mitchell York,mikayla.mitchell@outlook.com
5764483698,res_partner_ryan,Ryan Freeman Johnson,ryan.freeman@outlook.com
2631401610,res_partner_james,James Singleton Vega,james.singleton@outlook.com
7233976742,res_partner_david,David Higgins Evans,david.higgins@outlook.com
6066310544,res_partner_stephen,Stephen Alvarez Ware,stephen.alvarez@outlook.com
8365859073,res_partner_emily,Emily Robinson Miller,emily.robinson@outlook.com
3350349969,res_partner_brenda,Brenda Horne Michael,brenda.horne@gmail.com
7459660645,res_partner_kyle,Kyle Bradley Fowler,kyle.bradley@outlook.com
2654958269,res_partner_mary,Mary Simon Wood,mary.simon@gmail.com
8130868087,res_partner_rachel,Rachel Velez Williamson,rachel.velez@gmail.com
6727299771,res_partner_sarah,Sarah Gallagher Ellis,sarah.gallagher@outlook.com
7208808253,res_partner_christopher,Christopher Williamson Fields,christopher.williamson@gmail.com
5645949793,res_partner_renee,Renee Gardner Matthews,renee.gardner@gmail.com
4991024166,res_partner_katherine,Katherine Smith Pena,katherine.smith@gmail.com
5986735072,res_partner_melanie,Melanie Barnes Henderson,melanie.barnes@outlook.com
1028766852,res_partner_david,David Smith Carter,david.smith@gmail.com
4094389038,res_partner_michael,Michael Fitzgerald Smith,michael.fitzgerald@gmail.com
2411615269,res_partner_theresa,Theresa Sims Jimenez,theresa.sims@outlook.com
9187984218,res_partner_debbie,Debbie Brown Marshall,debbie.brown@outlook.com
6302369542,res_partner_karen,Karen Snow Miller,karen.snow@gmail.com
4550614648,res_partner_heidi,Heidi Bush Morales,heidi.bush@outlook.com
6925437955,res_partner_christina,Christina Cameron Lawrence,christina.cameron@gmail.com
9326306454,res_partner_cynthia,Cynthia Wade Rodriguez,cynthia.wade@gmail.com
9300443282,res_partner_melissa,Melissa Lynn Wilson,melissa.lynn@gmail.com
8250073057,res_partner_april,April Ramos Harris,april.ramos@outlook.com
7794655499,res_partner_christian,Christian Greene Gomez,christian.greene@outlook.com
4337039310,res_partner_natasha,Natasha Torres Medina,natasha.torres@gmail.com
4363150587,res_partner_katherine,Katherine Pierce Shea,katherine.pierce@outlook.com
3504652702,res_partner_juan,Juan Horne Collins,juan.horne@outlook.com
7018926861,res_partner_rebecca,Rebecca Smith King,rebecca.smith@outlook.com
8718485724,res_partner_nathaniel,Nathaniel Nelson Williams,nathaniel.nelson@outlook.com
2330234479,res_partner_mark,Mark Lewis Hernandez,mark.lewis@outlook.com
3423699668,res_partner_stephen,Stephen Smith Winters,stephen.smith@outlook.com
9624814945,res_partner_melinda,Melinda Fuller Reed,melinda.fuller@gmail.com
7229920869,res_partner_dana,Dana Brown Graham,dana.brown@gmail.com
1598450621,res_partner_joseph,Joseph Yates Pearson,joseph.yates@gmail.com
5869309153,res_partner_steve,Steve Hughes Scott,steve.hughes@outlook.com
8542271655,res_partner_austin,Austin Lewis Garcia,austin.lewis@gmail.com
1154125060,res_partner_shannon,Shannon Miller Sanford,shannon.miller@gmail.com
1569545155,res_partner_tony,Tony Bishop Perkins,tony.bishop@gmail.com
6413655675,res_partner_anthony,Anthony Gentry Goodman,anthony.gentry@outlook.com
9254135101,res_partner_katherine,Katherine Williams Chen,katherine.williams@outlook.com
4895775712,res_partner_thomas,Thomas Phillips Cox,thomas.phillips@gmail.com
9379047214,res_partner_michelle,Michelle Bailey Jackson,michelle.bailey@gmail.com
8663897397,res_partner_vincent,Vincent Warner Baker,vincent.warner@outlook.com
6701302373,res_partner_raymond,Raymond Huber Trujillo,raymond.huber@outlook.com
7892565919,res_partner_bryce,Bryce Gutierrez Decker,bryce.gutierrez@gmail.com
9018437248,res_partner_catherine,Catherine Price Barrett,catherine.price@outlook.com
5142279556,res_partner_leslie,Leslie Henry Blair,leslie.henry@outlook.com
8996455481,res_partner_paula,Paula Carey Ramirez,paula.carey@gmail.com
2977724552,res_partner_robert,Robert Bradley Green,robert.bradley@gmail.com
8646156415,res_partner_mark,Mark Gomez Kim,mark.gomez@outlook.com
7861727697,res_partner_regina,Regina Thompson Wilson,regina.thompson@gmail.com
8089330513,res_partner_rebekah,Rebekah Ortega Pacheco,rebekah.ortega@outlook.com
3174646994,res_partner_michael,Michael Hawkins Solomon,michael.hawkins@gmail.com
7938314884,res_partner_brianna,Brianna Williams Johnson,brianna.williams@outlook.com
1074040033,res_partner_amber,Amber Clark Yoder,amber.clark@gmail.com
7964024361,res_partner_dawn,Dawn Grant Rasmussen,dawn.grant@gmail.com
2453316352,res_partner_anthony,Anthony Beck Johnson,anthony.beck@outlook.com
9850772323,res_partner_dawn,Dawn Weber Walker,dawn.weber@outlook.com
6049662345,res_partner_shelly,Shelly Thornton Anderson,shelly.thornton@gmail.com
8702775827,res_partner_megan,Megan Johnson Phelps,megan.johnson@outlook.com
2498173735,res_partner_kari,Kari Mitchell Thomas,kari.mitchell@outlook.com
1889334669,res_partner_joseph,Joseph Jackson Watts,joseph.jackson@outlook.com
8457913992,res_partner_nicholas,Nicholas White Clark,nicholas.white@gmail.com
4399098199,res_partner_jennifer,Jennifer Fox Ellis,jennifer.fox@gmail.com
2318196793,res_partner_kyle,Kyle Small Bryant,kyle.small@outlook.com
6059899406,res_partner_james,James Knight Rollins,james.knight@outlook.com
4118663570,res_partner_maureen,Maureen Howell Humphrey,maureen.howell@outlook.com
3351416307,res_partner_eric,Eric Hutchinson Cox,eric.hutchinson@gmail.com
9919394438,res_partner_sheri,Sheri Haynes Crosby,sheri.haynes@outlook.com
1181007388,res_partner_bonnie,Bonnie Wheeler Arnold,bonnie.wheeler@outlook.com
7200630311,res_partner_alexandria,Alexandria Castillo Gilmore,alexandria.castillo@outlook.com
6215588474,res_partner_angela,Angela Glover Sloan,angela.glover@outlook.com
6316005681,res_partner_kevin,Kevin Gregory Jones,kevin.gregory@outlook.com
3442556201,res_partner_caleb,Caleb Smith Dalton,caleb.smith@outlook.com
9468597543,res_partner_pedro,Pedro Lopez Rice,pedro.lopez@outlook.com
9959073980,res_partner_nicholas,Nicholas Cruz Conner,nicholas.cruz@outlook.com
8802736632,res_partner_samantha,Samantha Rogers Parker,samantha.rogers@gmail.com
2658050490,res_partner_john,John Kim Barton,john.kim@outlook.com
7688623058,res_partner_cheryl,Cheryl Martin Jones,cheryl.martin@gmail.com
2583651746,res_partner_kristen,Kristen Washington Mendoza,kristen.washington@gmail.com
2833787741,res_partner_lawrence,Lawrence Brooks Chapman,lawrence.brooks@outlook.com
1800525732,res_partner_stephanie,Stephanie Hebert Ward,stephanie.hebert@gmail.com
8367498062,res_partner_juan,Juan Casey Collins,juan.casey@gmail.com
7694642399,res_partner_michael,Michael Saunders Ray,michael.saunders@gmail.com
1685203611,res_partner_sheila,Sheila Wall Hernandez,sheila.wall@outlook.com
4674945093,res_partner_deborah,Deborah Phillips Sanchez,deborah.phillips@gmail.com
4933424472,res_partner_kristen,Kristen Santos Williams,kristen.santos@gmail.com
3809538466,res_partner_cody,Cody Rodriguez Hood,cody.rodriguez@outlook.com
4296604261,res_partner_loretta,Loretta Strong Hoover,loretta.strong@outlook.com
4001266306,res_partner_cynthia,Cynthia Delacruz Rosario,cynthia.delacruz@gmail.com
2277533426,res_partner_david,David White Walker,david.white@outlook.com
2997190779,res_partner_brittany,Brittany Munoz Murphy,brittany.munoz@outlook.com
7818552203,res_partner_sue,Sue Reed Sanders,sue.reed@outlook.com
4360910058,res_partner_gina,Gina Garcia Savage,gina.garcia@gmail.com
7618143655,res_partner_amanda,Amanda Alvarez Perkins,amanda.alvarez@outlook.com
6332068994,res_partner_ronald,Ronald Ramirez Lloyd,ronald.ramirez@gmail.com
5197729565,res_partner_stephanie,Stephanie Johnson Mora,stephanie.johnson@gmail.com
7976916691,res_partner_sheryl,Sheryl Martin Wilkerson,sheryl.martin@outlook.com
5034069219,res_partner_michelle,Michelle Dorsey Keith,michelle.dorsey@outlook.com
1992772808,res_partner_gloria,Gloria Sloan Gomez,gloria.sloan@outlook.com
6295138503,res_partner_billy,Billy Schroeder Arroyo,billy.schroeder@outlook.com
1386513495,res_partner_daniel,Daniel Garrett Bowen,daniel.garrett@outlook.com
1507042467,res_partner_caleb,Caleb Sullivan Smith,caleb.sullivan@outlook.com
9068166822,res_partner_charles,Charles Gay Church,charles.gay@gmail.com
3476728843,res_partner_brandon,Brandon Ortiz Lee,brandon.ortiz@gmail.com
5513232180,res_partner_patricia,Patricia Watts Garcia,patricia.watts@outlook.com
1865944282,res_partner_ryan,Ryan Thompson Norton,ryan.thompson@outlook.com
9755045901,res_partner_steve,Steve Ward Klein,steve.ward@gmail.com
3372347714,res_partner_deborah,Deborah Butler Martinez,deborah.butler@gmail.com
3330951107,res_partner_jeffrey,Jeffrey Tanner George,jeffrey.tanner@gmail.com
1265084865,res_partner_brandy,Brandy Doyle Peters,brandy.doyle@gmail.com
7600065053,res_partner_jake,Jake Bradley Kramer,jake.bradley@outlook.com
3523633226,res_partner_elizabeth,Elizabeth Davis White,elizabeth.davis@outlook.com
3584407856,res_partner_rachel,Rachel Todd Meyer,rachel.todd@gmail.com
9698106686,res_partner_daniel,Daniel Jones Sampson,daniel.jones@gmail.com
8108698156,res_partner_andrea,Andrea Glover Johnson,andrea.glover@outlook.com
1655347553,res_partner_richard,Richard Larson Palmer,richard.larson@outlook.com
2290545522,res_partner_karen,Karen Thompson Wiley,karen.thompson@gmail.com
4477053158,res_partner_cynthia,Cynthia Figueroa Rodriguez,cynthia.figueroa@outlook.com
9868088785,res_partner_paul,Paul Figueroa Smith,paul.figueroa@gmail.com
1558503291,res_partner_jillian,Jillian Barnett Jackson,jillian.barnett@gmail.com
8644522979,res_partner_joshua,Joshua Smith Petersen,joshua.smith@outlook.com
9680838053,res_partner_shari,Shari Morales Jones,shari.morales@gmail.com
2574381636,res_partner_mary,Mary Barajas Collier,mary.barajas@outlook.com
5895316529,res_partner_lisa,Lisa Allen Lopez,lisa.allen@outlook.com
1642736705,res_partner_michael,Michael Moon Martinez,michael.moon@gmail.com
1394602831,res_partner_christine,Christine Richards Guzman,christine.richards@outlook.com
6736370962,res_partner_tara,Tara Watson Young,tara.watson@outlook.com
2944822035,res_partner_johnathan,Johnathan Lawson Berry,johnathan.lawson@gmail.com
3825891115,res_partner_krista,Krista Mills Padilla,krista.mills@gmail.com
2867932891,res_partner_ashley,Ashley Wilson Mcneil,ashley.wilson@outlook.com
9143067731,res_partner_jessica,Jessica Lyons Hayes,jessica.lyons@outlook.com
9947320483,res_partner_gina,Gina Gonzalez Thomas,gina.gonzalez@outlook.com
8588393368,res_partner_nicole,Nicole Miller Christensen,nicole.miller@gmail.com
5482734172,res_partner_jennifer,Jennifer Griffin Frank,jennifer.griffin@gmail.com
8669154194,res_partner_sharon,Sharon Carter Henry,sharon.carter@gmail.com
8065871040,res_partner_christine,Christine Gonzalez Cortez,christine.gonzalez@gmail.com
8409423054,res_partner_suzanne,Suzanne Brooks Nelson,suzanne.brooks@outlook.com
1153652531,res_partner_karen,Karen Smith Reese,karen.smith@outlook.com
6171128443,res_partner_matthew,Matthew Coleman Miller,matthew.coleman@gmail.com
7968249145,res_partner_drew,Drew Jones Trevino,drew.jones@gmail.com
2959065057,res_partner_kimberly,Kimberly Jenkins Davis,kimberly.jenkins@gmail.com
4034621359,res_partner_richard,Richard Reynolds Gardner,richard.reynolds@outlook.com
3631683375,res_partner_elizabeth,Elizabeth Brown Bailey,elizabeth.brown@gmail.com
1418112621,res_partner_kenneth,Kenneth Martin Washington,kenneth.martin@outlook.com
1216052135,res_partner_mary,Mary Reynolds Lee,mary.reynolds@gmail.com
6462375861,res_partner_rachel,Rachel Kemp Garcia,rachel.kemp@gmail.com
6567133564,res_partner_jennifer,Jennifer Hopkins Anderson,jennifer.hopkins@gmail.com
9384541605,res_partner_jasmine,Jasmine Wilson Larsen,jasmine.wilson@outlook.com
3128917063,res_partner_alan,Alan Curry Warren,alan.curry@outlook.com
5352165862,res_partner_gina,Gina Williams Ward,gina.williams@gmail.com
9738011347,res_partner_antonio,Antonio Williams Meza,antonio.williams@gmail.com
9064874279,res_partner_colin,Colin Allen Harrell,colin.allen@outlook.com
2224425070,res_partner_molly,Molly Suarez George,molly.suarez@gmail.com
2865811799,res_partner_jonathan,Jonathan Bauer Ford,jonathan.bauer@gmail.com
4354554055,res_partner_diana,Diana Johnson Carter,diana.johnson@outlook.com
4387026630,res_partner_mark,Mark Thompson Romero,mark.thompson@outlook.com
5289900024,res_partner_beverly,Beverly Peterson Jones,beverly.peterson@gmail.com
1227335479,res_partner_john,John Anderson Cameron,john.anderson@gmail.com
8756046185,res_partner_desiree,Desiree Oconnell Campos,desiree.oconnell@gmail.com
1826835706,res_partner_keith,Keith Lawson Pena,keith.lawson@outlook.com
4760683572,res_partner_sarah,Sarah Wheeler Ruiz,sarah.wheeler@outlook.com
5829353738,res_partner_natalie,Natalie Quinn Brooks,natalie.quinn@outlook.com
9916400636,res_partner_erin,Erin Estrada Olsen,erin.estrada@gmail.com
9486386384,res_partner_jennifer,Jennifer Hernandez Willis,jennifer.hernandez@gmail.com
7784267143,res_partner_shannon,Shannon Ford Beck,shannon.ford@outlook.com
3126636523,res_partner_gary,Gary Miller Reyes,gary.miller@gmail.com
3006335956,res_partner_robin,Robin Wright Reid,robin.wright@gmail.com
7492088275,res_partner_john,John Hooper Holland,john.hooper@outlook.com
9641177261,res_partner_matthew,Matthew Stewart Baldwin,matthew.stewart@gmail.com
1278819612,res_partner_shawn,Shawn Bailey Davidson,shawn.bailey@gmail.com
1081487801,res_partner_harold,Harold Mathews Gonzalez,harold.mathews@outlook.com
1720803348,res_partner_jennifer,Jennifer Mayo Riley,jennifer.mayo@outlook.com
9554284822,res_partner_shane,Shane Morales Hendricks,shane.morales@outlook.com
6796441426,res_partner_matthew,Matthew Edwards Townsend,matthew.edwards@gmail.com
6073031475,res_partner_kimberly,Kimberly Marks Brown,kimberly.marks@outlook.com
3948795943,res_partner_amy,Amy Ingram Taylor,amy.ingram@outlook.com
5623833786,res_partner_kelsey,Kelsey Montes Moss,kelsey.montes@gmail.com
1063044682,res_partner_brandon,Brandon Graham Lucas,brandon.graham@gmail.com
9149289393,res_partner_blake,Blake Martin Branch,blake.martin@gmail.com
5592685082,res_partner_catherine,Catherine Nelson Green,catherine.nelson@gmail.com
7925476478,res_partner_katrina,Katrina Hood Ramos,katrina.hood@outlook.com
4063006226,res_partner_keith,Keith Campbell Webb,keith.campbell@outlook.com
2461061052,res_partner_darius,Darius Davis Lopez,darius.davis@gmail.com
6050232493,res_partner_virginia,Virginia Jenkins Rivera,virginia.jenkins@outlook.com
6205968547,res_partner_tasha,Tasha Johnson Gomez,tasha.johnson@gmail.com
4837193133,res_partner_angela,Angela Guzman Haley,angela.guzman@gmail.com
1976809287,res_partner_daniel,Daniel Davis Chan,daniel.davis@outlook.com
6520943472,res_partner_chelsea,Chelsea Ruiz Elliott,chelsea.ruiz@outlook.com
7745820745,res_partner_larry,Larry Smith Anderson,larry.smith@outlook.com
9746879622,res_partner_annette,Annette Garcia Haynes,annette.garcia@outlook.com
7019891406,res_partner_wanda,Wanda Chan Shelton,wanda.chan@gmail.com
7067187257,res_partner_tom,Tom Carr Leach,tom.carr@gmail.com
7550789430,res_partner_chelsea,Chelsea Hernandez White,chelsea.hernandez@outlook.com
4186666371,res_partner_jack,Jack Gonzalez Mcdaniel,jack.gonzalez@gmail.com
9397215787,res_partner_craig,Craig Black Moore,craig.black@outlook.com
4193130933,res_partner_walter,Walter Miller Williams,walter.miller@gmail.com
5022271051,res_partner_tim,Tim Evans Franklin,tim.evans@gmail.com
1680479082,res_partner_mark,Mark Johnson Barron,mark.johnson@gmail.com
7714222401,res_partner_donald,Donald Ellis Williams,donald.ellis@outlook.com
7951498733,res_partner_justin,Justin Li Cain,justin.li@outlook.com
8128444171,res_partner_christian,Christian Smith Hughes,christian.smith@outlook.com
7577819966,res_partner_matthew,Matthew Brown Johnson,matthew.brown@gmail.com
7685273573,res_partner_tanner,Tanner Reid Mckee,tanner.reid@gmail.com
7801730076,res_partner_lori,Lori Evans Santos,lori.evans@outlook.com
2027029555,res_partner_jeffrey,Jeffrey Taylor Gonzales,jeffrey.taylor@outlook.com
7966211312,res_partner_phillip,Phillip Mcgee Brooks,phillip.mcgee@outlook.com
2878172541,res_partner_bruce,Bruce Lewis Davis,bruce.lewis@gmail.com
6167707806,res_partner_ann,Ann Rogers Farmer,ann.rogers@gmail.com
4258260648,res_partner_michael,Michael Chan Boyle,michael.chan@gmail.com
1011907706,res_partner_vanessa,Vanessa Young Wood,vanessa.young@outlook.com
5075570197,res_partner_sylvia,Sylvia Wise Gonzales,sylvia.wise@outlook.com
2105570536,res_partner_brianna,Brianna Hernandez Cobb,brianna.hernandez@gmail.com
4627340612,res_partner_grace,Grace Williamson Baker,grace.williamson@gmail.com
1325773423,res_partner_johnny,Johnny Haynes Banks,johnny.haynes@outlook.com
7271874766,res_partner_bradley,Bradley Sims Garcia,bradley.sims@outlook.com
2595819635,res_partner_ashley,Ashley Burgess Montgomery,ashley.burgess@outlook.com
7404439022,res_partner_joshua,Joshua Murphy Hall,joshua.murphy@gmail.com
4622604491,res_partner_patricia,Patricia Stewart Hahn,patricia.stewart@outlook.com
7112003697,res_partner_cristian,Cristian Bates Ford,cristian.bates@gmail.com
1770652592,res_partner_cassandra,Cassandra Barry Malone,cassandra.barry@gmail.com
2192974389,res_partner_beverly,Beverly Green Williams,beverly.green@outlook.com
1679187314,res_partner_allen,Allen Park Williams,allen.park@gmail.com
5814746362,res_partner_jonathan,Jonathan Collins Riley,jonathan.collins@gmail.com
3478157560,res_partner_beth,Beth Pope Ramsey,beth.pope@outlook.com
5799974382,res_partner_john,John Thomas Thompson,john.thomas@outlook.com
4279913293,res_partner_george,George Smith Stephens,george.smith@gmail.com
1226346676,res_partner_nicholas,Nicholas Harris Rodriguez,nicholas.harris@outlook.com
6874512095,res_partner_scott,Scott Evans Martin,scott.evans@gmail.com
5933120670,res_partner_james,James Stevens Bradshaw,james.stevens@outlook.com
5362992742,res_partner_carlos,Carlos Meyers Smith,carlos.meyers@gmail.com
4966461955,res_partner_jessica,Jessica Poole Simpson,jessica.poole@gmail.com
4826175761,res_partner_rachel,Rachel Thompson Long,rachel.thompson@outlook.com
9410197007,res_partner_stephanie,Stephanie Gilbert Christian,stephanie.gilbert@outlook.com
5509447478,res_partner_christopher,Christopher Dudley Snyder,christopher.dudley@gmail.com
9416785689,res_partner_kenneth,Kenneth Meyer Wright,kenneth.meyer@outlook.com
1672212264,res_partner_craig,Craig Garrett Smith,craig.garrett@outlook.com
9987299626,res_partner_kelsey,Kelsey Garcia Chavez,kelsey.garcia@gmail.com
8638378908,res_partner_jeffrey,Jeffrey Davis Allen,jeffrey.davis@outlook.com
4768475475,res_partner_crystal,Crystal Davis Nelson,crystal.davis@outlook.com
2228874392,res_partner_monique,Monique Thompson Santos,monique.thompson@gmail.com
6656456290,res_partner_james,James Watson Ortiz,james.watson@gmail.com
4616949345,res_partner_gary,Gary Shaw Cunningham,gary.shaw@gmail.com
4554666009,res_partner_eric,Eric Greer Harris,eric.greer@outlook.com
9133762974,res_partner_kimberly,Kimberly Rhodes Peters,kimberly.rhodes@gmail.com
3348846124,res_partner_kristin,Kristin Knapp Huffman,kristin.knapp@outlook.com
7817033937,res_partner_william,William Stone Li,william.stone@outlook.com
8054493901,res_partner_jeffrey,Jeffrey Moore Smith,jeffrey.moore@gmail.com
7146775631,res_partner_erin,Erin Burnett Patterson,erin.burnett@gmail.com
3398609835,res_partner_stacy,Stacy Johnson Sanchez,stacy.johnson@outlook.com
2598866912,res_partner_brandon,Brandon Booker Moore,brandon.booker@gmail.com
8253961752,res_partner_leslie,Leslie Kelly Woodward,leslie.kelly@outlook.com
2415115506,res_partner_dylan,Dylan Moody Wood,dylan.moody@gmail.com
7986147091,res_partner_daniel,Daniel Wells Hicks,daniel.wells@gmail.com
2369408979,res_partner_karen,Karen Bowen Martin,karen.bowen@outlook.com
7927336608,res_partner_christopher,Christopher Harrell Nelson,christopher.harrell@gmail.com
2418863253,res_partner_karen,Karen Newman Cook,karen.newman@gmail.com
7658441563,res_partner_denise,Denise Lee Douglas,denise.lee@outlook.com
8506513505,res_partner_amanda,Amanda Herrera Buchanan,amanda.herrera@outlook.com
5168448933,res_partner_timothy,Timothy Mcbride Shepherd,timothy.mcbride@outlook.com
1505566038,res_partner_jackie,Jackie Johnson Gonzalez,jackie.johnson@outlook.com
3882946601,res_partner_george,George Johnson Martinez,george.johnson@outlook.com
7634640659,res_partner_leah,Leah Brown Johnson,leah.brown@outlook.com
7647495921,res_partner_kathryn,Kathryn Clarke Little,kathryn.clarke@outlook.com
2478087840,res_partner_alan,Alan Smith Warner,alan.smith@gmail.com
5946070432,res_partner_stephanie,Stephanie Lee Miller,stephanie.lee@gmail.com
4157684265,res_partner_morgan,Morgan Whitehead Massey,morgan.whitehead@gmail.com
4146527642,res_partner_mary,Mary Nelson Stanley,mary.nelson@outlook.com
8703094618,res_partner_sharon,Sharon Andrade Hughes,sharon.andrade@gmail.com
4052912129,res_partner_carl,Carl Hawkins Wood,carl.hawkins@outlook.com
9354347828,res_partner_david,David Jones Lewis,david.jones@outlook.com
1086918372,res_partner_william,William Lawson Harrison,william.lawson@gmail.com
7929087364,res_partner_robert,Robert Decker Koch,robert.decker@outlook.com
6042198480,res_partner_paul,Paul Smith Anderson,paul.smith@outlook.com
7617082778,res_partner_lisa,Lisa Wright Sandoval,lisa.wright@outlook.com
8605953386,res_partner_nathaniel,Nathaniel Gutierrez Johns,nathaniel.gutierrez@gmail.com
8139687836,res_partner_lisa,Lisa Atkinson Mcgee,lisa.atkinson@outlook.com
2937619477,res_partner_tina,Tina Robles Carrillo,tina.robles@outlook.com
5063299395,res_partner_victor,Victor Torres Marsh,victor.torres@gmail.com
1182714770,res_partner_kimberly,Kimberly Beasley Ortiz,kimberly.beasley@outlook.com
1702324947,res_partner_thomas,Thomas Hodge Castro,thomas.hodge@outlook.com
4155411283,res_partner_colleen,Colleen Howard Charles,colleen.howard@outlook.com
8410661887,res_partner_jeffrey,Jeffrey Bailey Johnson,jeffrey.bailey@gmail.com
6986388061,res_partner_david,David Santana Booth,david.santana@gmail.com
4093158066,res_partner_james,James Raymond Levine,james.raymond@gmail.com
5456528012,res_partner_carolyn,Carolyn Oconnell Mclaughlin,carolyn.oconnell@outlook.com
1588051305,res_partner_kendra,Kendra Edwards Carr,kendra.edwards@outlook.com
4303065749,res_partner_eugene,Eugene Warren Wood,eugene.warren@gmail.com
1211267349,res_partner_phillip,Phillip Davidson Barnes,phillip.davidson@gmail.com
2367395272,res_partner_laura,Laura Cole Jones,laura.cole@gmail.com
7836811669,res_partner_clifford,Clifford Gutierrez Smith,clifford.gutierrez@gmail.com
1100515807,res_partner_barbara,Barbara Sutton Rich,barbara.sutton@gmail.com
6675870022,res_partner_robert,Robert Pitts Garza,robert.pitts@gmail.com
5998780831,res_partner_jacqueline,Jacqueline Ruiz Schneider,jacqueline.ruiz@gmail.com
6014711525,res_partner_evan,Evan Collins Hodges,evan.collins@gmail.com
8557297007,res_partner_james,James Rangel Hodge,james.rangel@gmail.com
7086079684,res_partner_stephanie,Stephanie Massey Flores,stephanie.massey@gmail.com
5707185291,res_partner_anna,Anna Mack Nguyen,anna.mack@outlook.com
9462031944,res_partner_edwin,Edwin Brewer Jackson,edwin.brewer@gmail.com
6431823012,res_partner_rebecca,Rebecca Brown Wall,rebecca.brown@gmail.com
2594279921,res_partner_lori,Lori Clark Jones,lori.clark@outlook.com
9836169286,res_partner_shannon,Shannon White Garcia,shannon.white@outlook.com
3426550537,res_partner_daniel,Daniel Ruiz Ward,daniel.ruiz@outlook.com
2444711873,res_partner_kelly,Kelly Whitaker Gordon,kelly.whitaker@outlook.com
9614159309,res_partner_scott,Scott Johnson Owens,scott.johnson@outlook.com
1181464696,res_partner_daniel,Daniel Bowen Trevino,daniel.bowen@outlook.com
8776603105,res_partner_emma,Emma Powers Lyons,emma.powers@gmail.com
7773640302,res_partner_brittney,Brittney Newton Tyler,brittney.newton@outlook.com
8453324677,res_partner_sandra,Sandra Palmer Norris,sandra.palmer@gmail.com
9535351113,res_partner_william,William Townsend Ross,william.townsend@outlook.com
2728796956,res_partner_edward,Edward White Anderson,edward.white@outlook.com
8803068047,res_partner_sean,Sean Lopez Hughes,sean.lopez@gmail.com
9225489365,res_partner_barbara,Barbara Martinez Davis,barbara.martinez@outlook.com
6240129831,res_partner_alexander,Alexander Stewart Johnson,alexander.stewart@outlook.com
3186086428,res_partner_casey,Casey Lloyd Jensen,casey.lloyd@outlook.com
3510031204,res_partner_mike,Mike Harrison Clark,mike.harrison@outlook.com
2721159763,res_partner_morgan,Morgan Diaz Carson,morgan.diaz@gmail.com
1981757882,res_partner_elizabeth,Elizabeth Turner Mullins,elizabeth.turner@gmail.com
8032999334,res_partner_stephanie,Stephanie Salinas Gonzalez,stephanie.salinas@outlook.com
2073617983,res_partner_evelyn,Evelyn Michael Diaz,evelyn.michael@gmail.com
3749008622,res_partner_kelsey,Kelsey Wright Green,kelsey.wright@outlook.com
4590957251,res_partner_whitney,Whitney Yang Johnson,whitney.yang@outlook.com
8704048425,res_partner_lori,Lori Singh Valencia,lori.singh@outlook.com
5265288264,res_partner_mathew,Mathew Hancock Hutchinson,mathew.hancock@gmail.com
7167041872,res_partner_marie,Marie Collins Williams,marie.collins@outlook.com
4046042694,res_partner_jaime,Jaime Tapia Johnson,jaime.tapia@gmail.com
9384338061,res_partner_martha,Martha Rodriguez Taylor,martha.rodriguez@gmail.com
9051699631,res_partner_sonya,Sonya Kim Sweeney,sonya.kim@outlook.com
9780973158,res_partner_sabrina,Sabrina Sanders Lowe,sabrina.sanders@gmail.com
8900230989,res_partner_jodi,Jodi Chandler Roberts,jodi.chandler@outlook.com
7021500038,res_partner_julia,Julia Miller Young,julia.miller@outlook.com
6265409401,res_partner_david,David Abbott Mccormick,david.abbott@outlook.com
9782422832,res_partner_donna,Donna Hood Harvey,donna.hood@gmail.com
6530781097,res_partner_michael,Michael Bryant Robles,michael.bryant@outlook.com
5629890345,res_partner_catherine,Catherine Parks Atkinson,catherine.parks@outlook.com
6306175938,res_partner_michael,Michael Turner Martin,michael.turner@outlook.com
6115156949,res_partner_rebekah,Rebekah Brown Gonzalez,rebekah.brown@gmail.com
4471036748,res_partner_rebecca,Rebecca Clark Cruz,rebecca.clark@gmail.com
1384726582,res_partner_christopher,Christopher Green Allen,christopher.green@gmail.com
5118777992,res_partner_jeremy,Jeremy Howell Jordan,jeremy.howell@outlook.com
1835848720,res_partner_joel,Joel Peterson Owens,joel.peterson@outlook.com
8966873567,res_partner_douglas,Douglas Owen Schwartz,douglas.owen@outlook.com
8621173566,res_partner_monica,Monica Martinez Lee,monica.martinez@gmail.com
8062439779,res_partner_david,David Ramsey Young,david.ramsey@outlook.com
1769962897,res_partner_amanda,Amanda Ramos Meadows,amanda.ramos@outlook.com
2651360589,res_partner_bryan,Bryan Sharp Hill,bryan.sharp@outlook.com
5691728162,res_partner_christina,Christina Larson Wilson,christina.larson@gmail.com
2588979633,res_partner_steven,Steven Sanders King,steven.sanders@gmail.com
3285105663,res_partner_donald,Donald Brown Parker,donald.brown@gmail.com
8846482799,res_partner_jason,Jason Osborn Diaz,jason.osborn@gmail.com
1509812698,res_partner_megan,Megan Ryan Doyle,megan.ryan@gmail.com
4981927649,res_partner_kathleen,Kathleen Black Bryant,kathleen.black@gmail.com
1332916597,res_partner_daniel,Daniel Martin Monroe,daniel.martin@outlook.com
1394777439,res_partner_chad,Chad Murray Hill,chad.murray@outlook.com
9638314634,res_partner_john,John Mercado Cook,john.mercado@gmail.com
2381256703,res_partner_seth,Seth Joyce Porter,seth.joyce@outlook.com
7198782080,res_partner_kimberly,Kimberly Harris Marquez,kimberly.harris@outlook.com
6991379484,res_partner_joseph,Joseph Jimenez Green,joseph.jimenez@gmail.com
3228126507,res_partner_amy,Amy Waller Martin,amy.waller@outlook.com
1800853469,res_partner_christopher,Christopher White Maynard,christopher.white@gmail.com
4073087189,res_partner_amanda,Amanda Shannon Thomas,amanda.shannon@gmail.com
9640017198,res_partner_alicia,Alicia Jones Ruiz,alicia.jones@outlook.com
4680124648,res_partner_john,John Kaufman Stevens,john.kaufman@outlook.com
1225279804,res_partner_melissa,Melissa Singleton Reed,melissa.singleton@gmail.com
3612127651,res_partner_lauren,Lauren David Moore,lauren.david@outlook.com
1539925694,res_partner_sydney,Sydney Burns Murphy,sydney.burns@gmail.com
3176886569,res_partner_william,William Jones Caldwell,william.jones@outlook.com
6967941263,res_partner_johnny,Johnny Smith Brown,johnny.smith@outlook.com
6000951123,res_partner_thomas,Thomas Vasquez Conrad,thomas.vasquez@gmail.com
6336567763,res_partner_edward,Edward Smith Campbell,edward.smith@gmail.com
2378469063,res_partner_matthew,Matthew Fuentes Melton,matthew.fuentes@outlook.com
7956912116,res_partner_todd,Todd Mason Hoffman,todd.mason@outlook.com
8993529818,res_partner_jonathan,Jonathan Alexander Martinez,jonathan.alexander@outlook.com
6593172918,res_partner_jorge,Jorge Davis Swanson,jorge.davis@outlook.com
8090961875,res_partner_seth,Seth Williams Dalton,seth.williams@outlook.com
4972028283,res_partner_destiny,Destiny Herrera Peters,destiny.herrera@gmail.com
5208085851,res_partner_peggy,Peggy Chen Gonzalez,peggy.chen@outlook.com
5203840148,res_partner_thomas,Thomas Spencer Sexton,thomas.spencer@outlook.com
1933072441,res_partner_christian,Christian Lopez Fernandez,christian.lopez@outlook.com
9843980044,res_partner_chase,Chase Wright Franklin,chase.wright@gmail.com
5178694599,res_partner_sierra,Sierra Price Guerra,sierra.price@gmail.com
3404580553,res_partner_dustin,Dustin Bradford Aguilar,dustin.bradford@outlook.com
1590632130,res_partner_kathleen,Kathleen Campos Davis,kathleen.campos@outlook.com
4737560633,res_partner_randall,Randall James Kane,randall.james@gmail.com
8516242334,res_partner_tina,Tina Williams Bradshaw,tina.williams@gmail.com
3714273224,res_partner_dawn,Dawn Young Butler,dawn.young@gmail.com
1081244221,res_partner_bradley,Bradley Banks Beltran,bradley.banks@gmail.com
9838882121,res_partner_blake,Blake Kelly Taylor,blake.kelly@outlook.com
6789989428,res_partner_ana,Ana Allen Fisher,ana.allen@gmail.com
9074001480,res_partner_daniel,Daniel Nixon Clark,daniel.nixon@outlook.com
6956276223,res_partner_teresa,Teresa Mcdonald Rowe,teresa.mcdonald@gmail.com
9923129681,res_partner_robert,Robert Stewart Vargas,robert.stewart@gmail.com
6851652377,res_partner_jacqueline,Jacqueline Stewart Liu,jacqueline.stewart@gmail.com
4338948840,res_partner_jeremiah,Jeremiah Salas Villa,jeremiah.salas@outlook.com
9337662226,res_partner_stephen,Stephen Andrews Hernandez,stephen.andrews@gmail.com
8571344834,res_partner_john,John Brown Anderson,john.brown@gmail.com
3510553556,res_partner_michael,Michael Hill Melendez,michael.hill@gmail.com
2514263161,res_partner_michael,Michael Ritter Gonzalez,michael.ritter@outlook.com
1050623154,res_partner_brad,Brad Travis Todd,brad.travis@gmail.com
8526780301,res_partner_laura,Laura Lam Rodgers,laura.lam@outlook.com
1183322429,res_partner_james,James Hernandez Jones,james.hernandez@outlook.com
3324179669,res_partner_sarah,Sarah Smith Lee,sarah.smith@gmail.com
3582926426,res_partner_caitlin,Caitlin Hunt Yates,caitlin.hunt@outlook.com
2596424876,res_partner_john,John Rice Quinn,john.rice@gmail.com
4656956126,res_partner_katherine,Katherine Lyons Collins,katherine.lyons@outlook.com
4678658462,res_partner_charles,Charles Reyes Cruz,charles.reyes@outlook.com
6523399261,res_partner_jamie,Jamie Gardner Marks,jamie.gardner@outlook.com
1785216565,res_partner_jennifer,Jennifer Pena Guerrero,jennifer.pena@gmail.com
3511436769,res_partner_angela,Angela Gordon Allison,angela.gordon@gmail.com
4327828185,res_partner_jason,Jason Edwards Jackson,jason.edwards@outlook.com
4590641420,res_partner_lawrence,Lawrence Rowland Galvan,lawrence.rowland@gmail.com
1969972415,res_partner_alyssa,Alyssa Dawson Lewis,alyssa.dawson@outlook.com
7652582773,res_partner_melissa,Melissa Olsen Robinson,melissa.olsen@outlook.com
4601311878,res_partner_brandon,Brandon Klein Guerrero,brandon.klein@gmail.com
9079468029,res_partner_patrick,Patrick Wong Carter,patrick.wong@gmail.com
1846864379,res_partner_mitchell,Mitchell Gordon Howell,mitchell.gordon@gmail.com
1799545777,res_partner_richard,Richard Black Randall,richard.black@outlook.com
9856142304,res_partner_steven,Steven Brown Edwards,steven.brown@gmail.com
7453559455,res_partner_tiffany,Tiffany Cantrell Houston,tiffany.cantrell@outlook.com
7744233462,res_partner_emily,Emily Morrison Smith,emily.morrison@outlook.com
2147285218,res_partner_douglas,Douglas Jones Morris,douglas.jones@outlook.com
5194235713,res_partner_kathleen,Kathleen Murphy Figueroa,kathleen.murphy@gmail.com
4941956387,res_partner_debbie,Debbie Clark Young,debbie.clark@outlook.com
6871727286,res_partner_david,David Hall Jones,david.hall@gmail.com
3970205989,res_partner_mark,Mark Johnson Kent,mark.johnson@gmail.com
6031561278,res_partner_sandra,Sandra Jennings Davis,sandra.jennings@outlook.com
7765097965,res_partner_bryan,Bryan Hart Palmer,bryan.hart@gmail.com
6886989798,res_partner_joseph,Joseph Park Short,joseph.park@gmail.com
7143492027,res_partner_justin,Justin Mcintosh King,justin.mcintosh@gmail.com
2276628591,res_partner_gabrielle,Gabrielle Moore Wagner,gabrielle.moore@gmail.com
9619736892,res_partner_brittany,Brittany Mcmahon Acosta,brittany.mcmahon@outlook.com
8354015158,res_partner_nicole,Nicole Mcdonald Cameron,nicole.mcdonald@outlook.com
7554184625,res_partner_james,James Hayes Young,james.hayes@outlook.com
2828965796,res_partner_matthew,Matthew Garza Black,matthew.garza@gmail.com
9344337205,res_partner_danielle,Danielle Hanson Hill,danielle.hanson@gmail.com
3022839671,res_partner_joshua,Joshua Shields Gray,joshua.shields@gmail.com
7362993524,res_partner_jorge,Jorge Cervantes Stevens,jorge.cervantes@outlook.com
1963272512,res_partner_robert,Robert Miranda Brown,robert.miranda@outlook.com
3921521444,res_partner_william,William Tanner Tucker,william.tanner@outlook.com
6257862042,res_partner_jennifer,Jennifer Matthews Norris,jennifer.matthews@gmail.com
8423185980,res_partner_kristen,Kristen Sanchez Terry,kristen.sanchez@outlook.com
8507613871,res_partner_paula,Paula Lee Allen,paula.lee@gmail.com
1729449847,res_partner_megan,Megan Russell Riddle,megan.russell@outlook.com
9262949627,res_partner_joseph,Joseph Howard Mitchell,joseph.howard@outlook.com
5107610014,res_partner_abigail,Abigail Collins Flynn,abigail.collins@gmail.com
3937071119,res_partner_melissa,Melissa Walker Perez,melissa.walker@gmail.com
2215048079,res_partner_bruce,Bruce Whitaker Lewis,bruce.whitaker@outlook.com
7082698024,res_partner_debra,Debra Anderson Castillo,debra.anderson@outlook.com
5043643730,res_partner_taylor,Taylor Zamora Martinez,taylor.zamora@gmail.com
6661180727,res_partner_brian,Brian Thomas Taylor,brian.thomas@outlook.com
7023911804,res_partner_amanda,Amanda Thompson Bullock,amanda.thompson@gmail.com
6789388700,res_partner_angela,Angela Mueller Davis,angela.mueller@gmail.com
8325969196,res_partner_tami,Tami Burke Cooke,tami.burke@outlook.com
9079579999,res_partner_sandra,Sandra Baker Hughes,sandra.baker@gmail.com
6991087497,res_partner_marco,Marco Arnold Rodriguez,marco.arnold@gmail.com
7121110134,res_partner_seth,Seth Alvarez Baker,seth.alvarez@outlook.com
5650204121,res_partner_steven,Steven Lopez Morrow,steven.lopez@gmail.com
2151551232,res_partner_bailey,Bailey Guzman Moore,bailey.guzman@gmail.com
5669238743,res_partner_john,John Moon White,john.moon@gmail.com
5998989632,res_partner_natalie,Natalie Fuentes Zhang,natalie.fuentes@gmail.com
7760214367,res_partner_william,William Russell Castro,william.russell@outlook.com
4160803722,res_partner_cynthia,Cynthia Armstrong Warren,cynthia.armstrong@outlook.com
5489843214,res_partner_brian,Brian Clark Kidd,brian.clark@gmail.com
8490294783,res_partner_michelle,Michelle Reed Flowers,michelle.reed@outlook.com
1701343244,res_partner_karen,Karen Clark Clark,karen.clark@outlook.com
9605619153,res_partner_victor,Victor Perez Watkins,victor.perez@gmail.com
2760990150,res_partner_taylor,Taylor Rice Davis,taylor.rice@outlook.com
8716774920,res_partner_sherry,Sherry Gray Thomas,sherry.gray@gmail.com
8688948427,res_partner_michael,Michael Tucker Roberts,michael.tucker@outlook.com
1435922892,res_partner_christopher,Christopher Nash Simon,christopher.nash@gmail.com
3469004470,res_partner_barbara,Barbara Peterson Tucker,barbara.peterson@gmail.com
2164042469,res_partner_michelle,Michelle Stewart Garcia,michelle.stewart@gmail.com
9067522307,res_partner_jennifer,Jennifer King Ruiz,jennifer.king@gmail.com
8184336513,res_partner_jeffrey,Jeffrey Vargas Jones,jeffrey.vargas@gmail.com
9814759173,res_partner_jose,Jose Lindsey Gibson,jose.lindsey@outlook.com
1960619832,res_partner_diana,Diana Romero Parks,diana.romero@outlook.com
7942014277,res_partner_dennis,Dennis Lopez Lee,dennis.lopez@outlook.com
5673568710,res_partner_jamie,Jamie Abbott Hill,jamie.abbott@outlook.com
7555589873,res_partner_jasmin,Jasmin Aguirre Jenkins,jasmin.aguirre@gmail.com
9011506277,res_partner_rebecca,Rebecca Marshall Smith,rebecca.marshall@gmail.com
8656428726,res_partner_craig,Craig Small Flores,craig.small@outlook.com
5080951274,res_partner_robert,Robert Lara Young,robert.lara@outlook.com
5960101281,res_partner_austin,Austin Brewer Herring,austin.brewer@outlook.com
4921793447,res_partner_david,David Murphy Fox,david.murphy@outlook.com
1230572716,res_partner_joseph,Joseph Hahn Mack,joseph.hahn@outlook.com
2188488581,res_partner_whitney,Whitney Greene Davis,whitney.greene@gmail.com
9368115577,res_partner_daniel,Daniel Jackson Hall,daniel.jackson@gmail.com
6078829439,res_partner_richard,Richard Melton Martinez,richard.melton@outlook.com
5461968345,res_partner_jamie,Jamie Scott Moore,jamie.scott@gmail.com
7015558581,res_partner_james,James Jackson Robinson,james.jackson@gmail.com
5774596639,res_partner_christopher,Christopher Long Pearson,christopher.long@outlook.com
9098228285,res_partner_jessica,Jessica Ellis Moore,jessica.ellis@outlook.com
6488255503,res_partner_paige,Paige Smith Gomez,paige.smith@outlook.com
5081009287,res_partner_jeffrey,Jeffrey Ward Huffman,jeffrey.ward@gmail.com
4057760710,res_partner_david,David Meza Clay,david.meza@gmail.com
6707988953,res_partner_laurie,Laurie Taylor Moore,laurie.taylor@outlook.com
3503421286,res_partner_mark,Mark Mcclure Hayes,mark.mcclure@gmail.com
3759586896,res_partner_katrina,Katrina Brown Ali,katrina.brown@outlook.com
1762626133,res_partner_colleen,Colleen Gardner Moss,colleen.gardner@gmail.com
7547471715,res_partner_beth,Beth Nunez Ortiz,beth.nunez@gmail.com
8494674856,res_partner_carla,Carla Alexander White,carla.alexander@gmail.com
1466969594,res_partner_jordan,Jordan Young Jones,jordan.young@outlook.com
8957942023,res_partner_meredith,Meredith Ward Shaw,meredith.ward@gmail.com
3808674854,res_partner_julie,Julie Thomas Robinson,julie.thomas@gmail.com
2188559369,res_partner_natasha,Natasha Hopkins Mason,natasha.hopkins@outlook.com
8014770814,res_partner_terrance,Terrance Sanchez Myers,terrance.sanchez@outlook.com
7153127905,res_partner_katrina,Katrina Spencer Campbell,katrina.spencer@outlook.com
7213649489,res_partner_travis,Travis Ellis Miller,travis.ellis@gmail.com
1690318860,res_partner_colleen,Colleen Cross Jones,colleen.cross@gmail.com
5249663477,res_partner_sherri,Sherri Villa Johnson,sherri.villa@gmail.com
6751551786,res_partner_betty,Betty Keller Bryant,betty.keller@gmail.com
4737005537,res_partner_amber,Amber Richardson Edwards,amber.richardson@gmail.com
8128114171,res_partner_stephanie,Stephanie Castaneda Nguyen,stephanie.castaneda@outlook.com
3640166764,res_partner_aaron,Aaron Harrison Conley,aaron.harrison@gmail.com
3648912977,res_partner_travis,Travis Nichols Clements,travis.nichols@gmail.com
2600002023,res_partner_dwayne,Dwayne Miranda Jackson,dwayne.miranda@gmail.com
4288289723,res_partner_william,William Rivera Willis,william.rivera@outlook.com
6253949946,res_partner_joanne,Joanne Wheeler Faulkner,joanne.wheeler@outlook.com
2139069942,res_partner_dorothy,Dorothy Gonzales Sanders,dorothy.gonzales@outlook.com
5297455366,res_partner_jennifer,Jennifer Riley Lee,jennifer.riley@outlook.com
8725433581,res_partner_sara,Sara Gallegos Simmons,sara.gallegos@gmail.com
1218643152,res_partner_katherine,Katherine Edwards Cantu,katherine.edwards@gmail.com
9878922975,res_partner_christopher,Christopher Dominguez Riley,christopher.dominguez@outlook.com
2310455410,res_partner_brandon,Brandon Anderson Flowers,brandon.anderson@outlook.com
5583555117,res_partner_sarah,Sarah Anthony Stanley,sarah.anthony@outlook.com
7611624334,res_partner_stephen,Stephen Ramirez Jones,stephen.ramirez@outlook.com
8598612865,res_partner_chad,Chad Walker Quinn,chad.walker@gmail.com
1138759714,res_partner_wayne,Wayne Davis Morris,wayne.davis@gmail.com
4710276362,res_partner_randy,Randy Patterson Hamilton,randy.patterson@gmail.com
2556100319,res_partner_christine,Christine White Lee,christine.white@outlook.com
7344378059,res_partner_donald,Donald Nelson Jones,donald.nelson@outlook.com
2118282174,res_partner_julia,Julia Jones Allen,julia.jones@outlook.com
5342756692,res_partner_jeff,Jeff Cooper Greene,jeff.cooper@gmail.com
6949415017,res_partner_reginald,Reginald Garcia Hobbs,reginald.garcia@gmail.com
7288943218,res_partner_betty,Betty Ramirez Lee,betty.ramirez@outlook.com
3429045877,res_partner_joshua,Joshua Ramsey King,joshua.ramsey@gmail.com
7464660728,res_partner_kyle,Kyle Thomas Miller,kyle.thomas@outlook.com
3226005194,res_partner_jessica,Jessica Blair Wells,jessica.blair@gmail.com
6173171623,res_partner_lance,Lance Edwards Robinson,lance.edwards@outlook.com
6731902641,res_partner_sean,Sean Parker Reed,sean.parker@outlook.com
3687605229,res_partner_christine,Christine Thomas Carter,christine.thomas@outlook.com
9186532521,res_partner_nicholas,Nicholas Adkins Martinez,nicholas.adkins@outlook.com
3249472220,res_partner_paul,Paul Foster Hunter,paul.foster@outlook.com
3925640242,res_partner_dakota,Dakota Frank Lowe,dakota.frank@outlook.com
6591717201,res_partner_david,David Garcia Robertson,david.garcia@outlook.com
4818074092,res_partner_christopher,Christopher Griffin White,christopher.griffin@gmail.com
5874320792,res_partner_sarah,Sarah Myers Goodman,sarah.myers@outlook.com
6992154959,res_partner_cindy,Cindy Valentine Burns,cindy.valentine@gmail.com
1024768943,res_partner_jared,Jared Carson Schwartz,jared.carson@outlook.com
3305407196,res_partner_jeanne,Jeanne Lewis Johnson,jeanne.lewis@gmail.com
5852650856,res_partner_kim,Kim Branch Parker,kim.branch@outlook.com
3009380742,res_partner_justin,Justin Sandoval Robertson,justin.sandoval@outlook.com
2665740861,res_partner_joseph,Joseph Merritt House,joseph.merritt@outlook.com
2779648020,res_partner_marcia,Marcia Stokes Woods,marcia.stokes@gmail.com
2763382751,res_partner_jonathan,Jonathan Ball Macias,jonathan.ball@outlook.com
4053058270,res_partner_brianna,Brianna Jenkins Thomas,brianna.jenkins@gmail.com
5267614423,res_partner_jonathan,Jonathan Atkins Zamora,jonathan.atkins@outlook.com
4469036188,res_partner_clayton,Clayton Rhodes Brown,clayton.rhodes@outlook.com
3830830533,res_partner_jack,Jack Powell Miller,jack.powell@gmail.com
8141865832,res_partner_lauren,Lauren Gallegos Thompson,lauren.gallegos@outlook.com
2348533128,res_partner_mary,Mary Ingram Rivas,mary.ingram@gmail.com
8589461736,res_partner_david,David Foster Robinson,david.foster@gmail.com
8036108443,res_partner_matthew,Matthew Pratt Reynolds,matthew.pratt@outlook.com
9858598951,res_partner_connor,Connor Brady Massey,connor.brady@gmail.com
8580001975,res_partner_gregory,Gregory Levy Valencia,gregory.levy@outlook.com
5521426379,res_partner_allison,Allison Thomas Gonzalez,allison.thomas@outlook.com
2763898941,res_partner_mitchell,Mitchell Reyes Jones,mitchell.reyes@outlook.com
9560088037,res_partner_matthew,Matthew Parker Johnson,matthew.parker@outlook.com
5262195829,res_partner_erin,Erin Parks Lee,erin.parks@gmail.com
7828528559,res_partner_hannah,Hannah Martin Martinez,hannah.martin@gmail.com
5164656548,res_partner_linda,Linda Mejia Callahan,linda.mejia@outlook.com
5767008818,res_partner_elizabeth,Elizabeth Wright Valenzuela,elizabeth.wright@gmail.com
9521383180,res_partner_billy,Billy Sutton Walker,billy.sutton@gmail.com
6929260594,res_partner_kelly,Kelly Ponce Kramer,kelly.ponce@gmail.com
8440549036,res_partner_nathan,Nathan Chase Ferguson,nathan.chase@outlook.com
5609495582,res_partner_timothy,Timothy Jennings Warren,timothy.jennings@gmail.com
9512674586,res_partner_timothy,Timothy Wilson Russell,timothy.wilson@outlook.com
8807112815,res_partner_amber,Amber Morris Zuniga,amber.morris@gmail.com
8312198591,res_partner_kevin,Kevin Rivera Lewis,kevin.rivera@outlook.com
1160024120,res_partner_danielle,Danielle Stevens Brooks,danielle.stevens@gmail.com
6497229264,res_partner_stephanie,Stephanie Fox Heath,stephanie.fox@outlook.com
5264444503,res_partner_daniel,Daniel Nguyen Martinez,daniel.nguyen@gmail.com
5205540458,res_partner_shelby,Shelby Moore Barry,shelby.moore@gmail.com
3392599511,res_partner_andrew,Andrew Marshall Reynolds,andrew.marshall@outlook.com
2240763541,res_partner_deborah,Deborah Francis Mcdonald,deborah.francis@gmail.com
6602568976,res_partner_cheryl,Cheryl Hughes Lutz,cheryl.hughes@outlook.com
1824687062,res_partner_joseph,Joseph Powell Robles,joseph.powell@gmail.com
3873280284,res_partner_sean,Sean Carey Webb,sean.carey@outlook.com
1764681658,res_partner_felicia,Felicia Walker Butler,felicia.walker@outlook.com
1479778091,res_partner_erica,Erica Oconnell Evans,erica.oconnell@outlook.com
8033341537,res_partner_megan,Megan Mccann Lopez,megan.mccann@outlook.com
7047671583,res_partner_daniel,Daniel Williams Brown,daniel.williams@gmail.com
9178942436,res_partner_jimmy,Jimmy Austin Martinez,jimmy.austin@outlook.com
4976517160,res_partner_martin,Martin Galloway Roberson,martin.galloway@outlook.com
6669481858,res_partner_eric,Eric Anderson Cook,eric.anderson@gmail.com
1863316288,res_partner_pamela,Pamela Bernard Nelson,pamela.bernard@outlook.com
1229680923,res_partner_marc,Marc Collins Johnson,marc.collins@gmail.com
1014993871,res_partner_walter,Walter Moore Choi,walter.moore@outlook.com
3812388505,res_partner_erika,Erika Walton Griffith,erika.walton@gmail.com
7557905408,res_partner_john,John Ward Thompson,john.ward@gmail.com
6484223137,res_partner_derek,Derek Brown Bright,derek.brown@outlook.com
3212892318,res_partner_sarah,Sarah Martinez Lewis,sarah.martinez@outlook.com
7351892982,res_partner_alexander,Alexander Sanchez Bell,alexander.sanchez@outlook.com
3415337110,res_partner_megan,Megan Nelson Krause,megan.nelson@outlook.com
3072233698,res_partner_krystal,Krystal Hernandez Watkins,krystal.hernandez@outlook.com
3419614627,res_partner_christopher,Christopher Johnson Curry,christopher.johnson@gmail.com
4976575040,res_partner_sharon,Sharon Armstrong Parsons,sharon.armstrong@gmail.com
1036955316,res_partner_randall,Randall Edwards Evans,randall.edwards@outlook.com
8948294620,res_partner_timothy,Timothy Hale Cain,timothy.hale@outlook.com
3426466200,res_partner_natasha,Natasha Skinner Lee,natasha.skinner@gmail.com
3640813926,res_partner_karen,Karen Lynch Martinez,karen.lynch@outlook.com
8914899031,res_partner_jeremy,Jeremy Anderson Riggs,jeremy.anderson@outlook.com
4976312238,res_partner_kristin,Kristin Bradford Morris,kristin.bradford@outlook.com
4087097174,res_partner_donald,Donald Warren Foster,donald.warren@gmail.com
9591884143,res_partner_jose,Jose Cox Schroeder,jose.cox@outlook.com
4736802205,res_partner_erik,Erik Schaefer Frank,erik.schaefer@outlook.com
1516236588,res_partner_todd,Todd Smith Crawford,todd.smith@gmail.com
7930351379,res_partner_alison,Alison Willis Lee,alison.willis@gmail.com
3401132724,res_partner_joseph,Joseph Beasley Lee,joseph.beasley@outlook.com
3369704496,res_partner_vanessa,Vanessa Ray Brock,vanessa.ray@gmail.com
7748218780,res_partner_seth,Seth Mckee Smith,seth.mckee@outlook.com
4525037257,res_partner_joshua,Joshua Hunt Robbins,joshua.hunt@outlook.com
3887561150,res_partner_james,James Davis Nichols,james.davis@outlook.com
7125594142,res_partner_michael,Michael Lewis Wright,michael.lewis@gmail.com
8494392566,res_partner_gregory,Gregory Stephenson Miller,gregory.stephenson@outlook.com
1837647803,res_partner_sandra,Sandra Guerra Campbell,sandra.guerra@gmail.com
7181600464,res_partner_natalie,Natalie Curry Glover,natalie.curry@gmail.com
7001116309,res_partner_thomas,Thomas Flores Erickson,thomas.flores@outlook.com
5483771336,res_partner_tyler,Tyler Daniels Miller,tyler.daniels@outlook.com
2140446625,res_partner_kathleen,Kathleen Taylor Mcdaniel,kathleen.taylor@gmail.com
6456915338,res_partner_jeremy,Jeremy Ibarra Anderson,jeremy.ibarra@gmail.com
9663807742,res_partner_caitlin,Caitlin Hood Thomas,caitlin.hood@outlook.com
6922635203,res_partner_marissa,Marissa Sutton Walker,marissa.sutton@gmail.com
7759515304,res_partner_sarah,Sarah Rosales Owens,sarah.rosales@gmail.com
4761023069,res_partner_richard,Richard Bell Jones,richard.bell@gmail.com
3819265403,res_partner_robert,Robert Chavez Patel,robert.chavez@outlook.com
3991282017,res_partner_gabrielle,Gabrielle Green Horne,gabrielle.green@outlook.com
9283755840,res_partner_betty,Betty Wilson Davis,betty.wilson@gmail.com
4461986899,res_partner_robert,Robert Mooney Russell,robert.mooney@gmail.com
5444282442,res_partner_johnny,Johnny Ferguson Bennett,johnny.ferguson@outlook.com
8797356238,res_partner_cassandra,Cassandra Lindsey Perry,cassandra.lindsey@gmail.com
4190726048,res_partner_amy,Amy Howell Bennett,amy.howell@outlook.com
6642754267,res_partner_gwendolyn,Gwendolyn Mcdonald Edwards,gwendolyn.mcdonald@gmail.com
9550703706,res_partner_walter,Walter Smith Torres,walter.smith@gmail.com
3922220972,res_partner_jared,Jared Miller Orozco,jared.miller@outlook.com
2329708687,res_partner_carl,Carl Young Brown,carl.young@gmail.com
3087789145,res_partner_john,John Glenn Mathews,john.glenn@outlook.com
8935065220,res_partner_bruce,Bruce Gonzales Simmons,bruce.gonzales@gmail.com
7508763443,res_partner_tracy,Tracy Rodriguez Stone,tracy.rodriguez@gmail.com
9271756794,res_partner_james,James Smith Davis,james.smith@gmail.com
7154297876,res_partner_drew,Drew Potter Hall,drew.potter@outlook.com
7814928686,res_partner_cynthia,Cynthia Escobar Wagner,cynthia.escobar@outlook.com
3250243046,res_partner_marie,Marie Warren Mccarthy,marie.warren@outlook.com
7776072647,res_partner_vincent,Vincent Wright Smith,vincent.wright@outlook.com
9269398652,res_partner_heather,Heather Lang Jenkins,heather.lang@gmail.com
8131302741,res_partner_laurie,Laurie Parsons Patel,laurie.parsons@outlook.com
5908077470,res_partner_lindsay,Lindsay Walsh Moon,lindsay.walsh@outlook.com
9536252760,res_partner_daniel,Daniel Nichols Cooper,daniel.nichols@gmail.com
6205532537,res_partner_michael,Michael Medina Clark,michael.medina@gmail.com
2166778704,res_partner_joseph,Joseph Holloway Burns,joseph.holloway@gmail.com
2888216267,res_partner_april,April Griffin Hicks,april.griffin@outlook.com
9055537765,res_partner_sarah,Sarah Horne Porter,sarah.horne@outlook.com
7734131387,res_partner_laurie,Laurie Wood Richardson,laurie.wood@gmail.com
7831504950,res_partner_thomas,Thomas Perkins Vega,thomas.perkins@gmail.com
7286586190,res_partner_sara,Sara Ray Sanchez,sara.ray@gmail.com
4076224958,res_partner_brian,Brian Bennett Hernandez,brian.bennett@outlook.com
8394997800,res_partner_laura,Laura Caldwell Martinez,laura.caldwell@outlook.com
5472152445,res_partner_adam,Adam Green Huang,adam.green@gmail.com
3253604322,res_partner_katie,Katie Malone Hopkins,katie.malone@outlook.com
3613597952,res_partner_dana,Dana Valdez Gallegos,dana.valdez@gmail.com
9738460672,res_partner_jessica,Jessica Galloway Reynolds,jessica.galloway@gmail.com
6167222905,res_partner_john,John Anderson Perez,john.anderson@gmail.com
6687999614,res_partner_alexis,Alexis Young Fletcher,alexis.young@gmail.com
5298343402,res_partner_matthew,Matthew Durham Hooper,matthew.durham@outlook.com
5664542744,res_partner_becky,Becky Baker Lowe,becky.baker@gmail.com
9085794497,res_partner_janice,Janice Duffy Cardenas,janice.duffy@gmail.com
8774244619,res_partner_richard,Richard Flores Roberts,richard.flores@gmail.com
5739205374,res_partner_joseph,Joseph Vargas Smith,joseph.vargas@gmail.com
8884270931,res_partner_tiffany,Tiffany Schultz Adams,tiffany.schultz@outlook.com
5916976882,res_partner_laura,Laura Jackson White,laura.jackson@gmail.com
4978636943,res_partner_eugene,Eugene Wood Johnson,eugene.wood@gmail.com
6894703033,res_partner_keith,Keith Lopez Walton,keith.lopez@gmail.com
2764087056,res_partner_david,David Cabrera Bullock,david.cabrera@gmail.com
2845641172,res_partner_sarah,Sarah Barry Allen,sarah.barry@gmail.com
3296443203,res_partner_taylor,Taylor Kirby Mason,taylor.kirby@gmail.com
9245391332,res_partner_stephen,Stephen Hall Cabrera,stephen.hall@outlook.com
2698455740,res_partner_gary,Gary Bush Smith,gary.bush@outlook.com
3032674711,res_partner_willie,Willie Hardin May,willie.hardin@outlook.com
6994039662,res_partner_heather,Heather West Davis,heather.west@outlook.com
5897710938,res_partner_paul,Paul Hicks Warner,paul.hicks@gmail.com
6749787183,res_partner_theresa,Theresa Gallegos Nolan,theresa.gallegos@outlook.com
5204691514,res_partner_tonya,Tonya Lopez Gentry,tonya.lopez@gmail.com
1840376847,res_partner_jason,Jason Washington Washington,jason.washington@gmail.com
3253403463,res_partner_tammy,Tammy Schmidt Jones,tammy.schmidt@outlook.com
4975003753,res_partner_maria,Maria Clark Hernandez,maria.clark@outlook.com
9635923582,res_partner_cassidy,Cassidy Gonzales Bradshaw,cassidy.gonzales@gmail.com
9072327621,res_partner_jessica,Jessica Duran Allen,jessica.duran@outlook.com
5750778232,res_partner_lisa,Lisa Pena Patrick,lisa.pena@gmail.com
3749758910,res_partner_lisa,Lisa Lawrence James,lisa.lawrence@outlook.com
6070773090,res_partner_eric,Eric Jackson Hogan,eric.jackson@outlook.com
9623319625,res_partner_howard,Howard Johnson Griffith,howard.johnson@gmail.com
8249707443,res_partner_april,April Hall Li,april.hall@outlook.com
5224050757,res_partner_emily,Emily Suarez Bruce,emily.suarez@outlook.com
5730784621,res_partner_donna,Donna Price Lawson,donna.price@gmail.com
2923366738,res_partner_angela,Angela Thomas Gonzalez,angela.thomas@outlook.com
7024028716,res_partner_nicholas,Nicholas Gonzalez Avila,nicholas.gonzalez@gmail.com
8670003060,res_partner_emily,Emily Gaines Snyder,emily.gaines@gmail.com
5968961048,res_partner_devin,Devin Powell Zavala,devin.powell@outlook.com
5898084511,res_partner_angela,Angela Holmes Johnson,angela.holmes@outlook.com
3585040538,res_partner_gary,Gary Thompson Cole,gary.thompson@gmail.com
5722783104,res_partner_loretta,Loretta Reyes Castro,loretta.reyes@outlook.com
1108112077,res_partner_erika,Erika Simon Garcia,erika.simon@gmail.com
8177357675,res_partner_sharon,Sharon Barrera Rodriguez,sharon.barrera@gmail.com
8305849736,res_partner_vanessa,Vanessa Larson Skinner,vanessa.larson@outlook.com
2183500810,res_partner_rickey,Rickey Burke Barajas,rickey.burke@outlook.com
2773252703,res_partner_alejandro,Alejandro Brown Frazier,alejandro.brown@gmail.com
5831716577,res_partner_holly,Holly Delgado Mcmahon,holly.delgado@gmail.com
7748925503,res_partner_gary,Gary Miller Contreras,gary.miller@gmail.com
4600813294,res_partner_tammy,Tammy Solomon Jackson,tammy.solomon@gmail.com
2126088259,res_partner_laurie,Laurie Carter Moreno,laurie.carter@gmail.com
6745558057,res_partner_gerald,Gerald Fuentes Fischer,gerald.fuentes@gmail.com
4838159402,res_partner_john,John Davidson Solis,john.davidson@outlook.com
1131140221,res_partner_charles,Charles Carson Wood,charles.carson@outlook.com
1512530841,res_partner_jose,Jose Higgins Mcfarland,jose.higgins@gmail.com
5174416872,res_partner_zachary,Zachary Cunningham Elliott,zachary.cunningham@outlook.com
2034960578,res_partner_lorraine,Lorraine Vargas Davidson,lorraine.vargas@outlook.com
5997999346,res_partner_denise,Denise Howard Alvarez,denise.howard@outlook.com
2329509922,res_partner_robin,Robin Turner Massey,robin.turner@outlook.com
4062464693,res_partner_joseph,Joseph Wiggins Day,joseph.wiggins@outlook.com
1980241312,res_partner_elizabeth,Elizabeth Holland Bond,elizabeth.holland@gmail.com
7224923309,res_partner_nicole,Nicole King Davies,nicole.king@gmail.com
6418270867,res_partner_eduardo,Eduardo Holland Johnson,eduardo.holland@outlook.com
7545158995,res_partner_brent,Brent Weaver Pearson,brent.weaver@outlook.com
9426732739,res_partner_aaron,Aaron Massey Dean,aaron.massey@outlook.com
3177539070,res_partner_greg,Greg Moore Reed,greg.moore@outlook.com
1131819327,res_partner_grace,Grace Thomas Anderson,grace.thomas@gmail.com
2541203767,res_partner_kristin,Kristin Cruz Curtis,kristin.cruz@gmail.com
7077699240,res_partner_gregory,Gregory Kane Pitts,gregory.kane@outlook.com
1791184929,res_partner_karen,Karen Fletcher Campbell,karen.fletcher@outlook.com
6882803855,res_partner_john,John Martin Henry,john.martin@gmail.com
8936349695,res_partner_richard,Richard Tran Small,richard.tran@outlook.com
8247478516,res_partner_christopher,Christopher Brooks Delgado,christopher.brooks@outlook.com
8209834562,res_partner_timothy,Timothy Smith Johnson,timothy.smith@outlook.com
2923300874,res_partner_william,William Richardson Tucker,william.richardson@outlook.com
5861248153,res_partner_mark,Mark Campbell Rose,mark.campbell@gmail.com
7519390270,res_partner_sarah,Sarah Kelly Harvey,sarah.kelly@gmail.com
7537759507,res_partner_tom,Tom Franklin Walker,tom.franklin@outlook.com
9836211803,res_partner_james,James Gardner Merritt,james.gardner@gmail.com
5523457697,res_partner_deanna,Deanna Hartman Landry,deanna.hartman@gmail.com
3765189076,res_partner_natasha,Natasha Jackson Anderson,natasha.jackson@outlook.com
7044879235,res_partner_chad,Chad Jackson Woods,chad.jackson@gmail.com
7245257992,res_partner_edward,Edward Gardner Miller,edward.gardner@gmail.com
6342918592,res_partner_thomas,Thomas Holt Garcia,thomas.holt@gmail.com
5226922680,res_partner_brett,Brett Hernandez Little,brett.hernandez@gmail.com
1812073052,res_partner_tony,Tony Romero Hutchinson,tony.romero@gmail.com
5366302513,res_partner_keith,Keith Jones Lambert,keith.jones@outlook.com
3303346852,res_partner_daniel,Daniel Moore Morgan,daniel.moore@gmail.com
2536112797,res_partner_trevor,Trevor Velazquez Johnson,trevor.velazquez@outlook.com
3102551752,res_partner_nancy,Nancy Ballard Mcbride,nancy.ballard@outlook.com
3508166024,res_partner_david,David Rogers George,david.rogers@gmail.com
8932412120,res_partner_dustin,Dustin Zimmerman Smith,dustin.zimmerman@gmail.com
3921765735,res_partner_robin,Robin Davis Barker,robin.davis@outlook.com
4967212933,res_partner_paul,Paul Pruitt Fisher,paul.pruitt@gmail.com
6476665644,res_partner_kathleen,Kathleen Porter Santos,kathleen.porter@outlook.com
5916548165,res_partner_amy,Amy Chavez Ayala,amy.chavez@gmail.com
9598615372,res_partner_daniel,Daniel Brown Dougherty,daniel.brown@gmail.com
4341994816,res_partner_laura,Laura Lee Diaz,laura.lee@outlook.com
7126864207,res_partner_tammy,Tammy Dixon Anderson,tammy.dixon@gmail.com
3223391516,res_partner_heather,Heather Foster Jordan,heather.foster@outlook.com
4062265610,res_partner_amanda,Amanda Rivera Smith,amanda.rivera@gmail.com
4661723580,res_partner_victoria,Victoria Wright Sanchez,victoria.wright@gmail.com
4014515088,res_partner_george,George Hernandez Edwards,george.hernandez@gmail.com
6777637784,res_partner_michele,Michele Trujillo Mason,michele.trujillo@outlook.com
